model_id,model_name,macro_f1,micro_f1,f1_bias,f1_manipulation,f1_transparency_issue,f1_policy_issue,f1_missing_human_escalation
M1,TF-IDF + One-vs-Rest Logistic Regression,0.37166666666666665,0.4666666666666667,0.4,0.625,0.6666666666666666,0.16666666666666666,0.0
M2,bert-base-multilingual-cased,0.1,0.14285714285714285,0.0,0.0,0.5,0.0,0.0
M3,xlm-roberta-base,0.08571428571428572,0.2553191489361702,0.42857142857142855,0.0,0.0,0.0,0.0
